,Player,Team,G,Par,Stocks,eFG%,PER,TS%,WS,BPM,VORP,Team_Win%,Team_G,Year
0,Luka Dončić,Los Angeles Lakers,52.0,48.7,2.0,0.559,27.5,0.614,7.5,8.6,5.0,0.6094,64.0,2026
1,Shai Gilgeous-Alexander,Oklahoma City Thunder,53.0,42.4,2.2,0.592,31.2,0.665,12.1,11.7,6.1,0.7692,65.0,2026
2,Anthony Edwards,Minnesota Timberwolves,54.0,38.3,2.2,0.58,22.6,0.621,6.4,5.2,3.5,0.625,64.0,2026
3,Tyrese Maxey,Philadelphia 76ers,61.0,39.8,2.8,0.537,22.7,0.589,8.1,5.8,4.6,0.5397,63.0,2026
4,Nikola Jokić,Denver Nuggets,48.0,51.6,2.2,0.627,33.6,0.68,11.3,14.6,6.9,0.6094,64.0,2026
5,Jaylen Brown,Boston Celtics,57.0,41.0,1.4,0.526,22.4,0.571,5.6,3.5,2.7,0.6719,64.0,2026
6,Donovan Mitchell,Cleveland Cavaliers,56.0,38.9,1.9,0.567,23.4,0.614,6.7,5.6,3.6,0.6094,64.0,2026
7,Kawhi Leonard,Los Angeles Clippers,49.0,38.0,2.5,0.563,27.8,0.623,6.9,8.2,4.1,0.4921,63.0,2026
8,Giannis Antetokounmpo,Milwaukee Bucks,33.0,42.9,1.7,0.651,33.3,0.67,5.0,10.2,3.0,0.4286,63.0,2026
9,Stephen Curry,Golden State Warriors,39.0,35.5,1.5,0.585,22.8,0.636,4.0,5.4,2.3,0.5079,63.0,2026
10,Lauri Markkanen,Utah Jazz,42.0,35.7,1.5,0.548,21.4,0.608,3.7,2.5,1.6,0.2969,64.0,2026
11,Joel Embiid,Philadelphia 76ers,33.0,38.0,1.7,0.53,25.0,0.606,3.5,4.6,1.7,0.5397,63.0,2026
12,Jalen Brunson,New York Knicks,60.0,36.1,0.8,0.534,20.0,0.581,7.1,3.0,2.6,0.6308,65.0,2026
13,Kevin Durant,Houston Rockets,60.0,36.1,1.7,0.574,20.8,0.632,8.0,4.0,3.3,0.619,63.0,2026
14,Jamal Murray,Denver Nuggets,59.0,37.0,1.3,0.572,22.4,0.619,7.3,4.3,3.3,0.6094,64.0,2026
15,Cade Cunningham,Detroit Pistons,56.0,40.7,2.3,0.508,21.6,0.561,7.0,6.0,4.0,0.7143,63.0,2026
16,Devin Booker,Phoenix Suns,48.0,34.9,1.2,0.499,19.7,0.578,4.4,1.7,1.5,0.5781,64.0,2026
17,Deni Avdija,Portland Trail Blazers,49.0,38.0,1.4,0.526,20.6,0.603,5.1,4.4,2.6,0.4769,65.0,2026
18,Michael Porter Jr.,Brooklyn Nets,51.0,34.6,1.4,0.556,20.1,0.595,3.2,3.1,2.1,0.254,63.0,2026
19,James Harden,Cleveland Cavaliers,54.0,37.2,1.6,0.516,21.2,0.601,5.9,3.8,2.8,0.6094,64.0,2026
20,Keyonte George,Utah Jazz,52.0,34.1,1.4,0.533,18.9,0.61,3.4,1.0,1.3,0.2969,64.0,2026
21,Pascal Siakam,Indiana Pacers,55.0,34.6,1.5,0.531,18.9,0.563,2.8,1.3,1.5,0.2344,64.0,2026
22,Victor Wembanyama,San Antonio Spurs,50.0,37.9,4.0,0.561,28.2,0.621,7.2,9.2,4.1,0.7344,64.0,2026
23,Austin Reaves,Los Angeles Lakers,38.0,33.6,1.5,0.575,21.2,0.651,4.3,3.1,1.7,0.6094,64.0,2026
24,Jalen Johnson,Atlanta Hawks,57.0,41.3,1.8,0.539,21.1,0.584,6.0,4.2,3.1,0.5156,64.0,2026
25,Norman Powell,Miami Heat,49.0,28.7,1.4,0.563,18.2,0.614,3.9,2.4,1.6,0.5538,65.0,2026
26,Paolo Banchero,Orlando Magic,53.0,35.8,1.3,0.502,18.1,0.568,3.9,1.6,1.7,0.5556,63.0,2026
27,Tyler Herro,Miami Heat,20.0,30.4,1.2,0.579,19.2,0.62,1.8,3.8,0.9,0.5538,65.0,2026
28,Trey Murphy III,New Orleans Pelicans,57.0,31.4,1.8,0.575,18.9,0.615,5.5,2.6,2.3,0.3182,66.0,2026
29,Brandon Ingram,Toronto Raptors,61.0,31.2,1.6,0.521,16.4,0.565,3.5,0.4,1.3,0.5714,63.0,2026
30,Zion Williamson,New Orleans Pelicans,49.0,30.8,1.6,0.587,23.3,0.632,4.8,3.0,1.8,0.3182,66.0,2026
31,LeBron James,Los Angeles Lakers,44.0,34.0,1.7,0.549,20.5,0.587,3.6,3.1,1.9,0.6094,64.0,2026
32,Julius Randle,Minnesota Timberwolves,64.0,33.7,1.4,0.528,19.1,0.588,6.7,1.7,2.0,0.625,64.0,2026
33,Shaedon Sharpe,Portland Trail Blazers,48.0,28.4,1.5,0.515,15.6,0.55,1.1,-1.3,0.3,0.4769,65.0,2026
34,Franz Wagner,Orlando Magic,28.0,30.7,1.4,0.528,19.7,0.591,2.8,2.9,1.1,0.5556,63.0,2026
35,Dillon Brooks,Phoenix Suns,50.0,26.4,1.2,0.507,14.8,0.547,2.2,-2.0,0.0,0.5781,64.0,2026
36,Brandon Miller,Charlotte Hornets,48.0,29.0,1.9,0.527,17.0,0.57,2.7,1.3,1.2,0.4923,65.0,2026
37,Desmond Bane,Orlando Magic,63.0,28.8,1.5,0.554,17.0,0.606,5.9,1.3,1.8,0.5556,63.0,2026
38,Anthony Davis,Dallas Mavericks,20.0,34.3,2.8,0.521,21.8,0.551,1.5,2.5,0.7,0.3281,64.0,2026
39,Alperen Şengün,Houston Rockets,56.0,35.5,2.4,0.52,21.0,0.556,5.8,3.7,2.7,0.619,63.0,2026
40,Cooper Flagg,Dallas Mavericks,52.0,31.0,2.1,0.504,17.2,0.549,2.9,1.2,1.4,0.3281,64.0,2026
41,Jimmy Butler,Golden State Warriors,38.0,30.5,1.6,0.554,23.6,0.646,5.9,5.5,2.3,0.5079,63.0,2026
42,Nickeil Alexander-Walker,Atlanta Hawks,61.0,27.2,1.7,0.536,15.0,0.583,3.4,-0.4,0.8,0.5156,64.0,2026
43,Karl-Anthony Towns,New York Knicks,61.0,34.5,1.5,0.541,21.0,0.607,7.4,2.5,2.2,0.6308,65.0,2026
44,Ja Morant,Memphis Grizzlies,20.0,30.9,1.3,0.441,16.7,0.521,0.5,-1.5,0.1,0.371,62.0,2026
45,Jaren Jackson Jr.,Utah Jazz,48.0,27.1,2.5,0.534,15.8,0.576,1.9,-0.5,0.6,0.2969,64.0,2026
46,Ty Jerome,Memphis Grizzlies,10.0,27.6,1.6,0.576,28.2,0.636,1.2,8.8,0.6,0.371,62.0,2026
47,LaMelo Ball,Charlotte Hornets,55.0,31.4,1.3,0.502,18.8,0.532,3.9,3.4,2.1,0.4923,65.0,2026
48,Kon Knueppel,Charlotte Hornets,64.0,27.9,1.0,0.618,17.9,0.65,6.5,3.2,2.7,0.4923,65.0,2026
49,Zach LaVine,Sacramento Kings,39.0,24.3,1.0,0.569,14.8,0.614,1.3,-1.6,0.1,0.2308,65.0,2026
50,Bam Adebayo,Miami Heat,57.0,31.6,1.8,0.501,18.0,0.547,4.7,2.0,1.8,0.5538,65.0,2026
51,Scottie Barnes,Toronto Raptors,61.0,32.2,3.0,0.533,19.1,0.576,5.9,3.7,3.0,0.5714,63.0,2026
52,De'Aaron Fox,San Antonio Spurs,55.0,28.9,1.5,0.551,17.8,0.581,5.0,2.3,1.9,0.7344,64.0,2026
53,Jerami Grant,Portland Trail Blazers,49.0,24.7,1.3,0.535,15.8,0.601,3.3,-0.1,0.7,0.4769,65.0,2026
54,CJ McCollum,Atlanta Hawks,59.0,25.8,1.2,0.536,15.7,0.567,2.0,-0.9,0.5,0.5156,64.0,2026
55,RJ Barrett,Toronto Raptors,39.0,27.4,1.1,0.551,17.0,0.582,2.8,0.8,0.8,0.5714,63.0,2026
56,Trae Young,Washington Wizards,12.0,28.9,1.1,0.5,20.6,0.59,1.0,2.1,0.3,0.254,63.0,2026
57,Jalen Duren,Detroit Pistons,53.0,30.9,1.7,0.627,25.1,0.662,7.6,4.1,2.3,0.7143,63.0,2026
58,DeMar DeRozan,Sacramento Kings,64.0,25.1,1.4,0.513,17.4,0.588,4.6,-0.2,0.9,0.2308,65.0,2026
59,Bennedict Mathurin,Los Angeles Clippers,39.0,25.9,1.1,0.489,13.9,0.571,1.3,-2.8,-0.2,0.4921,63.0,2026
60,Evan Mobley,Cleveland Cavaliers,49.0,30.2,2.8,0.562,18.9,0.582,4.6,2.9,2.0,0.6094,64.0,2026
61,Darius Garland,Los Angeles Clippers,29.0,27.0,0.9,0.529,15.5,0.565,1.4,-1.7,0.1,0.4921,63.0,2026
62,Josh Giddey,Chicago Bulls,42.0,34.4,1.4,0.525,18.7,0.571,2.6,2.7,1.6,0.4062,64.0,2026
63,Amen Thompson,Houston Rockets,61.0,30.6,2.1,0.531,18.3,0.578,7.2,2.1,2.3,0.619,63.0,2026
64,Coby White,Charlotte Hornets,35.0,25.6,0.8,0.521,14.6,0.578,1.0,-3.0,-0.3,0.4923,65.0,2026
65,Grayson Allen,Phoenix Suns,41.0,24.7,1.8,0.526,16.6,0.568,3.3,2.5,1.4,0.5781,64.0,2026
66,Saddiq Bey,New Orleans Pelicans,59.0,25.8,1.0,0.53,17.6,0.584,4.7,0.6,1.2,0.3182,66.0,2026
67,Miles Bridges,Charlotte Hornets,60.0,26.8,1.1,0.517,15.7,0.558,4.7,0.6,1.3,0.4923,65.0,2026
68,Kevin Porter Jr.,Milwaukee Bucks,35.0,30.1,2.7,0.509,18.6,0.565,2.6,1.9,1.2,0.4286,63.0,2026
69,Jayson Tatum,Boston Celtics,2.0,29.5,0.5,0.453,17.9,0.499,0.1,2.3,0.1,0.6719,64.0,2026
70,Jalen Williams,Oklahoma City Thunder,26.0,27.6,1.6,0.507,18.8,0.555,2.4,2.0,0.8,0.7692,65.0,2026
71,Chet Holmgren,Oklahoma City Thunder,56.0,28.1,2.4,0.607,21.3,0.646,7.3,3.9,2.4,0.7692,65.0,2026
72,Immanuel Quickley,Toronto Raptors,60.0,27.7,1.3,0.549,17.0,0.584,5.8,2.4,2.2,0.5714,63.0,2026
73,Derrick White,Boston Celtics,62.0,27.3,2.7,0.486,17.0,0.526,6.0,3.8,3.1,0.6719,64.0,2026
74,Andrew Nembhard,Indiana Pacers,50.0,27.3,1.0,0.512,15.4,0.559,2.2,-1.3,0.3,0.2344,64.0,2026
75,Aaron Gordon,Denver Nuggets,24.0,25.5,0.9,0.575,19.9,0.622,2.2,2.2,0.7,0.6094,64.0,2026
76,Payton Pritchard,Boston Celtics,63.0,26.4,0.9,0.555,17.4,0.578,6.9,2.1,2.1,0.6719,64.0,2026
77,Alex Sarr,Washington Wizards,42.0,27.4,2.8,0.53,20.2,0.554,1.9,1.3,1.0,0.254,63.0,2026
78,Jrue Holiday,Portland Trail Blazers,36.0,27.6,1.3,0.566,18.0,0.59,2.6,2.6,1.2,0.4769,65.0,2026
79,Ryan Rollins,Milwaukee Bucks,61.0,26.9,1.9,0.55,15.6,0.569,2.7,-0.2,0.9,0.4286,63.0,2026
80,Kristaps Porziņģis,Golden State Warriors,19.0,24.0,1.8,0.526,19.7,0.584,1.5,2.8,0.6,0.5079,63.0,2026
81,OG Anunoby,New York Knicks,51.0,23.9,2.4,0.565,15.4,0.602,4.4,1.8,1.6,0.6308,65.0,2026
82,Stephon Castle,San Antonio Spurs,54.0,28.2,1.6,0.511,16.7,0.564,4.0,1.1,1.3,0.7344,64.0,2026
83,Onyeka Okongwu,Atlanta Hawks,58.0,27.2,2.2,0.572,16.4,0.599,4.5,0.7,1.2,0.5156,64.0,2026
84,Paul George,Philadelphia 76ers,27.0,24.8,2.0,0.517,15.6,0.556,1.7,0.9,0.6,0.5397,63.0,2026
85,Dejounte Murray,New Orleans Pelicans,6.0,26.6,2.1,0.522,18.7,0.598,0.3,1.1,0.1,0.3182,66.0,2026
86,Andrew Wiggins,Miami Heat,57.0,23.8,2.1,0.553,15.3,0.579,4.1,1.5,1.6,0.5538,65.0,2026
87,Domantas Sabonis,Sacramento Kings,19.0,31.3,1.1,0.554,19.3,0.59,1.1,0.5,0.4,0.2308,65.0,2026
88,Nikola Vučević,Boston Celtics,60.0,27.6,1.3,0.558,18.2,0.577,4.4,1.6,1.6,0.6719,64.0,2026
89,Russell Westbrook,Sacramento Kings,60.0,27.4,1.5,0.506,15.1,0.532,0.2,-0.5,0.6,0.2308,65.0,2026
90,Matas Buzelis,Chicago Bulls,63.0,23.0,2.2,0.56,14.8,0.593,2.3,-1.0,0.5,0.4062,64.0,2026
91,Jarrett Allen,Cleveland Cavaliers,51.0,25.7,1.9,0.637,21.8,0.67,6.0,2.7,1.7,0.6094,64.0,2026
92,Anthony Black,Orlando Magic,60.0,23.0,2.1,0.516,13.9,0.552,2.8,-0.5,0.7,0.5556,63.0,2026
93,Mikal Bridges,New York Knicks,65.0,23.4,2.2,0.576,16.1,0.592,7.0,3.4,3.0,0.6308,65.0,2026
94,VJ Edgecombe,Philadelphia 76ers,57.0,24.7,2.0,0.505,13.1,0.535,3.0,-0.9,0.5,0.5397,63.0,2026
95,Jaime Jaquez Jr.,Miami Heat,60.0,25.2,1.1,0.528,15.4,0.563,3.4,0.2,1.0,0.5538,65.0,2026
96,Jabari Smith Jr.,Houston Rockets,59.0,24.0,1.8,0.542,13.8,0.571,5.2,-0.5,0.8,0.619,63.0,2026
97,Naji Marshall,Dallas Mavericks,61.0,22.9,1.1,0.564,15.8,0.608,4.3,-0.1,0.9,0.3281,64.0,2026
98,Jaden McDaniels,Minnesota Timberwolves,62.0,22.1,2.1,0.585,14.3,0.62,4.9,-0.1,1.0,0.625,64.0,2026
99,Peyton Watson,Denver Nuggets,49.0,21.8,2.2,0.567,14.5,0.6,2.4,-1.1,0.4,0.6094,64.0,2026
100,Kyshawn George,Washington Wizards,48.0,24.4,1.9,0.524,14.0,0.559,0.8,-1.3,0.3,0.254,63.0,2026
101,Jalen Green,Phoenix Suns,16.0,20.2,1.3,0.436,11.5,0.465,-0.3,-3.6,-0.1,0.5781,64.0,2026
102,Collin Sexton,Chicago Bulls,54.0,20.0,1.1,0.565,17.1,0.62,3.0,0.6,0.8,0.4062,64.0,2026
103,Cam Thomas,Milwaukee Bucks,37.0,19.0,0.3,0.47,13.2,0.534,-0.2,-4.7,-0.5,0.4286,63.0,2026
104,Kelly Oubre Jr.,Philadelphia 76ers,39.0,21.0,1.8,0.555,13.0,0.588,2.2,-1.3,0.2,0.5397,63.0,2026
105,Walker Kessler,Utah Jazz,5.0,28.2,3.2,0.784,20.8,0.786,0.5,3.3,0.2,0.2969,64.0,2026
106,Ivica Zubac,Los Angeles Clippers,43.0,27.6,1.2,0.613,19.0,0.635,4.1,0.1,0.7,0.4921,63.0,2026
107,Anfernee Simons,Chicago Bulls,55.0,19.2,0.6,0.552,14.6,0.576,2.9,-0.2,0.7,0.4062,64.0,2026
108,Ayo Dosunmu,Minnesota Timberwolves,56.0,20.4,1.1,0.596,16.3,0.627,3.7,0.4,0.9,0.625,64.0,2026
109,Devin Vassell,San Antonio Spurs,51.0,20.5,1.2,0.545,13.0,0.57,3.5,0.2,0.9,0.7344,64.0,2026
110,Ajay Mitchell,Oklahoma City Thunder,43.0,21.3,1.7,0.539,17.3,0.59,3.7,2.1,1.1,0.7692,65.0,2026
111,Santi Aldama,Memphis Grizzlies,43.0,23.6,1.6,0.553,16.4,0.572,2.7,1.8,1.2,0.371,62.0,2026
112,Keegan Murray,Sacramento Kings,23.0,21.4,2.6,0.472,11.7,0.499,0.2,-3.2,-0.3,0.2308,65.0,2026
113,P.J. Washington,Dallas Mavericks,46.0,22.8,2.2,0.498,12.7,0.529,1.2,-1.5,0.2,0.3281,64.0,2026
114,Jordan Poole,New Orleans Pelicans,33.0,19.1,1.0,0.484,12.0,0.538,0.3,-3.0,-0.2,0.3182,66.0,2026
115,John Collins,Los Angeles Clippers,54.0,20.0,1.6,0.631,16.2,0.653,3.7,-0.2,0.7,0.4921,63.0,2026
116,Naz Reid,Minnesota Timberwolves,63.0,22.6,2.0,0.569,16.3,0.582,4.0,1.7,1.5,0.625,64.0,2026
117,Jalen Suggs,Orlando Magic,40.0,22.9,2.7,0.528,16.9,0.565,2.2,3.4,1.4,0.5556,63.0,2026
118,De'Andre Hunter,Sacramento Kings,45.0,19.8,0.8,0.49,11.5,0.545,1.2,-3.9,-0.6,0.2308,65.0,2026
119,Tim Hardaway Jr.,Denver Nuggets,63.0,17.6,0.6,0.593,13.8,0.628,3.6,-0.7,0.5,0.6094,64.0,2026
120,Zach Edey,Memphis Grizzlies,11.0,25.8,2.5,0.638,20.7,0.669,0.9,0.7,0.2,0.371,62.0,2026
121,Collin Gillespie,Phoenix Suns,63.0,22.5,1.5,0.576,16.4,0.595,5.4,3.3,2.4,0.5781,64.0,2026
122,Reed Sheppard,Houston Rockets,63.0,19.6,2.1,0.549,15.8,0.565,4.5,2.6,1.9,0.619,63.0,2026
123,Jaylon Tyson,Cleveland Cavaliers,59.0,21.0,1.2,0.604,15.1,0.62,4.0,0.4,1.0,0.6094,64.0,2026
124,Cedric Coward,Memphis Grizzlies,50.0,22.4,1.0,0.539,14.7,0.581,2.2,-0.3,0.6,0.371,62.0,2026
125,Jonathan Kuminga,Atlanta Hawks,23.0,22.0,0.9,0.533,14.9,0.58,0.7,-1.7,0.0,0.5156,64.0,2026
126,Tobias Harris,Detroit Pistons,47.0,20.7,1.3,0.513,14.0,0.56,3.6,0.5,0.8,0.7143,63.0,2026
127,Bobby Portis,Milwaukee Bucks,61.0,21.1,0.7,0.586,17.0,0.595,2.8,0.0,0.7,0.4286,63.0,2026
128,Jeremiah Fears,New Orleans Pelicans,66.0,20.2,1.6,0.475,12.6,0.514,-0.1,-3.7,-0.7,0.3182,66.0,2026
129,Kyle Kuzma,Milwaukee Bucks,58.0,20.4,1.0,0.546,14.1,0.577,1.9,-2.4,-0.1,0.4286,63.0,2026
130,Brandon Williams,Dallas Mavericks,55.0,19.8,1.2,0.502,16.5,0.565,2.0,0.1,0.7,0.3281,64.0,2026
131,Keldon Johnson,San Antonio Spurs,64.0,19.8,0.7,0.602,17.7,0.632,5.2,1.4,1.3,0.7344,64.0,2026
132,Toumani Camara,Portland Trail Blazers,65.0,20.8,1.5,0.546,10.6,0.561,2.8,-1.8,0.1,0.4769,65.0,2026
133,Noah Clowney,Brooklyn Nets,57.0,18.8,1.5,0.506,11.5,0.562,1.3,-3.0,-0.4,0.254,63.0,2026
134,Scoot Henderson,Portland Trail Blazers,13.0,20.2,0.7,0.457,11.5,0.521,0.1,-4.7,-0.2,0.4769,65.0,2026
135,Miles McBride,New York Knicks,35.0,18.3,1.1,0.575,13.5,0.592,2.7,1.3,0.8,0.6308,65.0,2026
136,Sam Merrill,Cleveland Cavaliers,40.0,17.4,0.7,0.652,13.9,0.669,2.9,0.5,0.7,0.6094,64.0,2026
137,Max Christie,Dallas Mavericks,59.0,18.5,0.8,0.57,11.5,0.602,2.5,-1.1,0.4,0.3281,64.0,2026
138,Donte DiVincenzo,Minnesota Timberwolves,64.0,21.3,1.8,0.568,13.7,0.585,5.1,1.5,1.8,0.625,64.0,2026
139,Quentin Grimes,Philadelphia 76ers,57.0,19.7,1.3,0.546,12.7,0.595,2.7,-1.4,0.3,0.5397,63.0,2026
140,De'Anthony Melton,Golden State Warriors,34.0,18.0,2.0,0.481,13.8,0.523,0.7,-2.5,-0.1,0.5079,63.0,2026
141,Malik Monk,Sacramento Kings,52.0,17.4,1.0,0.535,14.1,0.566,0.7,-1.5,0.1,0.2308,65.0,2026
142,Brandin Podziemski,Golden State Warriors,63.0,21.6,1.3,0.533,14.3,0.564,3.7,0.0,0.9,0.5079,63.0,2026
143,Brice Sensabaugh,Utah Jazz,61.0,17.3,0.8,0.53,13.2,0.569,0.8,-3.5,-0.5,0.2969,64.0,2026
144,Tre Johnson,Washington Wizards,50.0,17.4,0.9,0.527,12.1,0.557,0.2,-3.6,-0.5,0.254,63.0,2026
145,Aaron Nesmith,Indiana Pacers,36.0,19.2,1.2,0.481,10.0,0.521,0.3,-3.8,-0.5,0.2344,64.0,2026
146,Jaylen Wells,Memphis Grizzlies,61.0,17.6,1.0,0.521,11.3,0.556,1.8,-3.1,-0.5,0.371,62.0,2026
147,Deandre Ayton,Los Angeles Lakers,55.0,21.4,1.5,0.667,18.0,0.674,4.4,-1.0,0.4,0.6094,64.0,2026
148,Ace Bailey,Utah Jazz,57.0,18.1,1.4,0.513,11.0,0.527,0.0,-4.6,-1.0,0.2969,64.0,2026
149,Nic Claxton,Brooklyn Nets,57.0,23.3,2.0,0.58,18.2,0.597,4.5,1.4,1.4,0.254,63.0,2026
150,Tre Jones,Chicago Bulls,47.0,20.7,1.4,0.573,17.7,0.628,4.1,0.9,0.9,0.4062,64.0,2026
151,Myles Turner,Milwaukee Bucks,59.0,19.1,2.3,0.552,14.3,0.582,2.8,-0.6,0.6,0.4286,63.0,2026
152,Dennis Schröder,Cleveland Cavaliers,53.0,20.1,1.1,0.468,13.3,0.526,0.9,-2.0,0.0,0.6094,64.0,2026
153,Moses Moody,Golden State Warriors,59.0,16.8,1.4,0.578,13.5,0.603,3.2,-0.1,0.7,0.5079,63.0,2026
154,Derik Queen,New Orleans Pelicans,65.0,22.9,1.9,0.498,16.1,0.552,2.4,-0.7,0.5,0.3182,66.0,2026
155,Duncan Robinson,Detroit Pistons,61.0,16.5,0.9,0.585,11.6,0.604,4.5,0.1,0.9,0.7143,63.0,2026
156,Donovan Clingan,Portland Trail Blazers,60.0,25.4,2.0,0.587,20.4,0.605,6.3,2.5,1.8,0.4769,65.0,2026
157,Josh Hart,New York Knicks,53.0,24.4,1.4,0.57,15.7,0.589,4.7,3.0,2.0,0.6308,65.0,2026
158,Klay Thompson,Dallas Mavericks,57.0,15.4,0.8,0.53,11.3,0.539,0.5,-1.4,0.2,0.3281,64.0,2026
159,Rui Hachimura,Los Angeles Lakers,52.0,15.9,0.9,0.603,11.3,0.615,2.3,-2.3,-0.1,0.6094,64.0,2026
160,Mark Williams,Phoenix Suns,56.0,20.7,1.8,0.635,21.8,0.67,5.9,1.8,1.3,0.5781,64.0,2026
161,Wendell Carter Jr.,Orlando Magic,60.0,21.1,1.5,0.562,14.1,0.607,4.9,-0.4,0.7,0.5556,63.0,2026
162,Dyson Daniels,Atlanta Hawks,61.0,24.2,2.3,0.516,14.7,0.527,4.5,0.3,1.2,0.5156,64.0,2026
163,Julian Champagnie,San Antonio Spurs,64.0,18.7,1.2,0.587,13.5,0.619,5.1,1.7,1.7,0.7344,64.0,2026
164,Isaiah Collier,Utah Jazz,55.0,21.2,1.4,0.533,15.0,0.577,1.8,-2.5,-0.2,0.2969,64.0,2026
165,Scotty Pippen Jr.,Memphis Grizzlies,10.0,18.3,2.3,0.5,14.8,0.537,0.2,-2.7,0.0,0.371,62.0,2026
166,Cam Spencer,Memphis Grizzlies,60.0,19.6,0.8,0.609,17.4,0.652,4.8,2.5,1.6,0.371,62.0,2026
167,Kel'el Ware,Miami Heat,61.0,21.2,2.0,0.601,20.5,0.618,5.4,2.4,1.5,0.5538,65.0,2026
168,Caleb Love,Portland Trail Blazers,45.0,16.5,0.7,0.486,11.1,0.5,0.5,-2.9,-0.2,0.4769,65.0,2026
169,Dylan Harper,San Antonio Spurs,53.0,18.1,1.2,0.524,15.4,0.551,2.7,0.6,0.8,0.7344,64.0,2026
170,Cameron Johnson,Denver Nuggets,38.0,17.4,0.9,0.552,11.1,0.592,1.9,-2.2,0.0,0.6094,64.0,2026
171,Jarace Walker,Indiana Pacers,63.0,18.5,1.1,0.497,11.2,0.535,0.3,-2.9,-0.3,0.2344,64.0,2026
172,Jock Landale,Atlanta Hawks,57.0,18.7,1.0,0.586,17.2,0.602,3.6,0.2,0.7,0.5156,64.0,2026
173,Derrick Jones Jr.,Los Angeles Clippers,31.0,15.1,1.8,0.593,14.2,0.624,1.9,0.0,0.4,0.4921,63.0,2026
174,Tari Eason,Houston Rockets,41.0,19.0,1.9,0.528,13.8,0.539,2.4,-0.4,0.4,0.619,63.0,2026
175,Rudy Gobert,Minnesota Timberwolves,61.0,24.1,2.4,0.708,17.8,0.677,7.3,1.0,1.5,0.625,64.0,2026
176,Isaiah Joe,Oklahoma City Thunder,56.0,15.0,1.0,0.601,15.1,0.642,4.4,2.1,1.3,0.7692,65.0,2026
177,Alondes Williams,Washington Wizards,4.0,20.3,1.6,0.712,19.2,0.745,0.3,0.8,0.1,0.254,63.0,2026
178,Sandro Mamukelashvili,Toronto Raptors,61.0,17.7,1.3,0.604,17.7,0.628,4.6,2.4,1.5,0.5714,63.0,2026
179,Jusuf Nurkić,Utah Jazz,41.0,26.1,1.8,0.538,16.6,0.548,1.6,1.1,0.8,0.2969,64.0,2026
180,Maxime Raynaud,Sacramento Kings,57.0,19.3,1.0,0.574,15.3,0.602,2.4,-3.0,-0.4,0.2308,65.0,2026
181,Christian Braun,Denver Nuggets,28.0,18.6,0.9,0.539,11.5,0.577,1.5,-1.9,0.0,0.6094,64.0,2026
182,GG Jackson II,Memphis Grizzlies,42.0,16.4,1.5,0.571,15.5,0.599,1.4,-0.8,0.3,0.371,62.0,2026
183,Khris Middleton,Dallas Mavericks,46.0,17.9,0.9,0.48,11.5,0.53,0.4,-4.0,-0.6,0.3281,64.0,2026
184,Marvin Bagley III,Dallas Mavericks,46.0,18.1,1.2,0.634,20.5,0.654,2.8,0.5,0.6,0.3281,64.0,2026
185,Bilal Coulibaly,Washington Wizards,43.0,17.2,2.3,0.468,12.1,0.515,0.5,-3.0,-0.3,0.254,63.0,2026
186,Pelle Larsson,Miami Heat,54.0,17.2,0.8,0.545,12.9,0.592,3.2,-0.7,0.4,0.5538,65.0,2026
187,Egor Dёmin,Brooklyn Nets,52.0,16.8,1.1,0.537,11.4,0.561,0.9,-1.6,0.1,0.254,63.0,2026
188,Kyle Filipowski,Utah Jazz,63.0,19.4,1.4,0.549,15.2,0.588,2.3,-1.7,0.1,0.2969,64.0,2026
189,Aaron Wiggins,Oklahoma City Thunder,50.0,15.6,1.5,0.519,12.2,0.538,1.9,-0.5,0.4,0.7692,65.0,2026
190,Harrison Barnes,San Antonio Spurs,60.0,15.2,0.9,0.559,11.4,0.593,3.6,-0.3,0.7,0.7344,64.0,2026
191,Isaiah Hartenstein,Oklahoma City Thunder,36.0,22.9,1.8,0.637,19.7,0.645,4.2,3.8,1.3,0.7692,65.0,2026
192,D'Angelo Russell,Dallas Mavericks,26.0,16.5,0.6,0.476,12.5,0.511,0.0,-2.3,0.0,0.3281,64.0,2026
193,Ausar Thompson,Detroit Pistons,57.0,19.0,2.8,0.528,16.5,0.545,4.4,2.8,1.8,0.7143,63.0,2026
194,Zaccharie Risacher,Atlanta Hawks,50.0,15.1,1.4,0.528,10.9,0.536,1.2,-3.3,-0.4,0.5156,64.0,2026
195,Landry Shamet,New York Knicks,40.0,13.4,0.8,0.608,12.8,0.628,2.4,1.1,0.7,0.6308,65.0,2026
196,Jalen Smith,Chicago Bulls,47.0,18.3,1.3,0.587,17.3,0.607,2.4,-0.1,0.5,0.4062,64.0,2026
197,Isaiah Stewart,Detroit Pistons,52.0,16.4,2.0,0.595,15.1,0.628,3.7,0.0,0.6,0.7143,63.0,2026
198,Neemias Queta,Boston Celtics,60.0,19.9,2.2,0.639,19.8,0.657,6.5,2.0,1.5,0.6719,64.0,2026
199,Kevin Huerter,Detroit Pistons,52.0,15.9,1.4,0.534,13.1,0.551,1.5,-0.9,0.3,0.7143,63.0,2026
200,A.J. Green,Milwaukee Bucks,59.0,14.3,0.6,0.598,8.6,0.61,1.7,-3.7,-0.8,0.4286,63.0,2026
201,Jakob Poeltl,Toronto Raptors,29.0,19.5,1.6,0.701,17.2,0.705,2.7,1.4,0.6,0.5714,63.0,2026
202,Corey Kispert,Atlanta Hawks,43.0,14.0,0.5,0.584,13.3,0.618,1.4,-1.7,0.1,0.5156,64.0,2026
203,Bub Carrington,Washington Wizards,63.0,17.9,0.9,0.512,9.2,0.532,-0.5,-4.9,-1.3,0.254,63.0,2026
204,Royce O'Neale,Phoenix Suns,64.0,17.5,1.5,0.572,11.1,0.577,3.4,0.1,1.0,0.5781,64.0,2026
205,Zach Collins,Chicago Bulls,10.0,16.8,0.6,0.648,18.1,0.666,0.5,0.2,0.1,0.4062,64.0,2026
206,Ziaire Williams,Brooklyn Nets,45.0,13.0,1.6,0.524,11.6,0.578,1.2,-2.1,0.0,0.254,63.0,2026
207,Leaky Black,Washington Wizards,4.0,16.3,1.3,0.5,8.4,0.531,0.1,-5.9,-0.1,0.254,63.0,2026
208,Jordan Miller,Los Angeles Clippers,42.0,14.4,0.9,0.581,15.9,0.64,2.3,0.5,0.5,0.4921,63.0,2026
209,Micah Potter,Indiana Pacers,31.0,15.5,0.9,0.619,16.1,0.669,1.7,0.3,0.4,0.2344,64.0,2026
210,Marcus Smart,Los Angeles Lakers,54.0,15.2,1.7,0.5,9.8,0.544,1.5,-2.6,-0.2,0.6094,64.0,2026
211,Sam Hauser,Boston Celtics,61.0,14.7,0.8,0.578,12.2,0.585,3.8,0.6,1.0,0.6719,64.0,2026
212,Jay Huff,Indiana Pacers,64.0,14.5,2.5,0.571,15.6,0.597,2.7,0.7,0.9,0.2344,64.0,2026
213,T.J. McConnell,Indiana Pacers,47.0,16.2,1.3,0.547,20.1,0.558,1.9,2.1,0.8,0.2344,64.0,2026
214,Cam Whitmore,Washington Wizards,21.0,12.7,1.1,0.503,13.8,0.528,0.0,-3.2,-0.1,0.254,63.0,2026
215,Svi Mykhailiuk,Utah Jazz,48.0,13.5,0.6,0.609,11.2,0.623,1.1,-2.0,0.0,0.2969,64.0,2026
216,MarJon Beauchamp,Philadelphia 76ers,2.0,15.0,2.0,0.536,18.3,0.571,0.1,3.1,0.0,0.5397,63.0,2026
217,Tristan Da Silva,Orlando Magic,58.0,14.1,1.2,0.546,11.7,0.565,2.3,-0.5,0.5,0.5556,63.0,2026
218,Blake Hinson,Utah Jazz,7.0,12.1,0.1,0.649,12.2,0.646,0.2,-3.4,-0.1,0.2969,64.0,2026
219,Isaac Okoro,Chicago Bulls,55.0,13.3,1.1,0.528,9.4,0.565,1.7,-4.2,-0.8,0.4062,64.0,2026
220,Jordan Goodwin,Phoenix Suns,54.0,15.8,1.7,0.502,14.7,0.515,2.8,1.6,1.1,0.5781,64.0,2026
221,Jake LaRavia,Los Angeles Lakers,64.0,14.6,1.6,0.54,12.4,0.576,3.1,-1.2,0.3,0.6094,64.0,2026
222,Cason Wallace,Oklahoma City Thunder,62.0,14.7,2.4,0.515,12.0,0.533,4.2,0.9,1.3,0.7692,65.0,2026
223,Vít Krejčí,Portland Trail Blazers,61.0,12.6,1.1,0.598,11.1,0.61,2.5,-1.9,0.0,0.4769,65.0,2026
224,Quenton Jackson,Indiana Pacers,34.0,13.2,0.8,0.55,14.6,0.607,1.1,-1.3,0.1,0.2344,64.0,2026
225,Herbert Jones,New Orleans Pelicans,43.0,15.1,2.2,0.458,9.1,0.485,0.5,-3.4,-0.4,0.3182,66.0,2026
226,Davion Mitchell,Miami Heat,54.0,18.2,1.3,0.56,12.0,0.57,3.6,-0.7,0.5,0.5538,65.0,2026
227,Precious Achiuwa,Sacramento Kings,57.0,16.1,1.5,0.552,15.7,0.558,2.3,-1.1,0.3,0.2308,65.0,2026
228,Jordan Clarkson,New York Knicks,55.0,11.6,0.5,0.51,10.6,0.539,1.1,-4.0,-0.5,0.6308,65.0,2026
229,Luguentz Dort,Oklahoma City Thunder,54.0,13.9,1.3,0.506,8.2,0.523,2.4,-2.2,-0.1,0.7692,65.0,2026
230,Danny Wolf,Brooklyn Nets,49.0,15.6,1.1,0.487,12.8,0.521,0.8,-2.2,0.0,0.254,63.0,2026
231,Daniel Gafford,Dallas Mavericks,46.0,16.2,2.1,0.641,17.5,0.674,3.2,0.4,0.6,0.3281,64.0,2026
232,Draymond Green,Golden State Warriors,52.0,19.4,1.4,0.515,10.0,0.534,1.2,-1.6,0.1,0.5079,63.0,2026
233,Jonas Valančiūnas,Denver Nuggets,52.0,14.8,0.9,0.584,20.9,0.626,2.2,-0.7,0.2,0.6094,64.0,2026
234,Jaden Ivey,Chicago Bulls,37.0,12.8,1.0,0.543,13.1,0.571,1.3,-0.1,0.3,0.4062,64.0,2026
235,Luke Kennard,Los Angeles Lakers,60.0,12.8,0.8,0.702,13.9,0.722,3.5,0.4,0.8,0.6094,64.0,2026
236,Julian Reese,Washington Wizards,4.0,20.8,1.8,0.55,13.0,0.629,0.2,-4.3,-0.1,0.254,63.0,2026
237,Day'Ron Sharpe,Brooklyn Nets,61.0,17.5,1.5,0.609,20.4,0.634,3.4,1.3,1.0,0.254,63.0,2026
238,Kentavious Caldwell-Pope,Memphis Grizzlies,51.0,13.6,1.0,0.485,11.0,0.533,1.1,-2.4,-0.1,0.371,62.0,2026
239,Moussa Diabaté,Charlotte Hornets,57.0,18.8,1.7,0.64,17.8,0.662,5.8,1.4,1.3,0.4923,65.0,2026
240,Simone Fontecchio,Miami Heat,58.0,12.9,0.7,0.514,12.9,0.553,2.0,0.0,0.5,0.5538,65.0,2026
241,Ron Holland,Detroit Pistons,59.0,14.0,1.6,0.471,12.2,0.52,2.2,-1.4,0.2,0.7143,63.0,2026
242,Al Horford,Golden State Warriors,41.0,15.9,1.8,0.55,15.1,0.566,2.2,2.0,0.9,0.5079,63.0,2026
243,Kadary Richmond,Washington Wizards,3.0,14.3,3.0,0.688,20.2,0.722,0.3,3.3,0.1,0.254,63.0,2026
244,Moritz Wagner,Orlando Magic,23.0,12.6,0.6,0.518,18.8,0.589,1.0,0.5,0.2,0.5556,63.0,2026
245,Bradley Beal,Los Angeles Clippers,6.0,10.7,0.5,0.448,5.2,0.476,-0.2,-10.5,-0.3,0.4921,63.0,2026
246,Will Riley,Washington Wizards,55.0,12.3,0.7,0.499,11.9,0.542,0.2,-4.5,-0.6,0.254,63.0,2026
247,Nolan Traoré,Brooklyn Nets,41.0,13.5,1.0,0.453,7.8,0.487,-0.9,-6.8,-1.1,0.254,63.0,2026
248,Dominick Barlow,Philadelphia 76ers,52.0,14.0,1.7,0.565,13.5,0.597,2.9,-0.9,0.3,0.5397,63.0,2026
249,Justin Champagnie,Washington Wizards,56.0,14.8,1.5,0.568,17.6,0.596,2.7,-0.1,0.5,0.254,63.0,2026
250,Bryce McGowens,New Orleans Pelicans,42.0,11.7,0.8,0.561,11.8,0.61,1.7,-3.0,-0.2,0.3182,66.0,2026
251,Jaden Hardy,Washington Wizards,43.0,10.4,0.4,0.514,10.6,0.543,-0.1,-4.9,-0.4,0.254,63.0,2026
252,Tristan Vukcevic,Washington Wizards,38.0,12.0,1.1,0.533,17.4,0.584,0.5,-0.7,0.2,0.254,63.0,2026
253,Jared McCain,Oklahoma City Thunder,50.0,11.6,0.6,0.516,11.3,0.543,0.9,-2.5,-0.1,0.7692,65.0,2026
254,Buddy Hield,Atlanta Hawks,45.0,11.8,1.0,0.543,12.4,0.56,1.0,-1.1,0.2,0.5156,64.0,2026
255,Ryan Kalkbrenner,Charlotte Hornets,53.0,14.6,2.0,0.743,18.2,0.747,4.4,1.7,1.1,0.4923,65.0,2026
256,Olivier-Maxence Prosper,Memphis Grizzlies,38.0,12.1,0.7,0.621,15.6,0.659,1.6,-0.7,0.2,0.371,62.0,2026
257,Kris Dunn,Los Angeles Clippers,63.0,14.8,1.6,0.573,11.6,0.598,3.1,-0.9,0.5,0.4921,63.0,2026
258,Collin Murray-Boyles,Toronto Raptors,47.0,14.8,1.8,0.589,15.2,0.605,3.0,0.7,0.7,0.5714,63.0,2026
259,Nate Williams,Golden State Warriors,4.0,10.6,0.3,0.522,11.8,0.584,0.1,-3.3,0.0,0.5079,63.0,2026
260,Bogdan Bogdanović,Los Angeles Clippers,18.0,13.3,0.7,0.465,8.3,0.5,0.1,-3.7,-0.2,0.4921,63.0,2026
261,Brook Lopez,Los Angeles Clippers,56.0,11.9,1.6,0.518,11.5,0.54,1.2,-1.4,0.2,0.4921,63.0,2026
262,Grant Williams,Charlotte Hornets,22.0,13.8,0.7,0.585,14.5,0.629,1.4,2.1,0.5,0.4923,65.0,2026
263,Jose Alvarado,New York Knicks,54.0,13.4,1.1,0.529,11.8,0.544,1.6,-1.3,0.2,0.6308,65.0,2026
264,Bruce Brown,Denver Nuggets,64.0,13.8,1.3,0.514,10.4,0.546,2.1,-2.7,-0.3,0.6094,64.0,2026
265,Javon Small,Memphis Grizzlies,28.0,13.9,1.0,0.521,15.2,0.572,1.2,0.3,0.3,0.371,62.0,2026
266,Vince Williams Jr.,Utah Jazz,40.0,15.6,1.1,0.447,10.8,0.478,0.4,-1.0,0.2,0.2969,64.0,2026
267,Daniss Jenkins,Detroit Pistons,54.0,12.2,1.0,0.466,12.2,0.504,1.4,-1.6,0.1,0.7143,63.0,2026
268,Nikola Jović,Miami Heat,45.0,13.1,1.0,0.443,9.8,0.485,0.2,-3.0,-0.2,0.5538,65.0,2026
269,Terance Mann,Brooklyn Nets,55.0,13.9,1.0,0.536,10.8,0.57,1.9,-3.0,-0.3,0.254,63.0,2026
270,Quinten Post,Golden State Warriors,61.0,13.0,0.9,0.543,13.0,0.558,1.9,-0.9,0.3,0.5079,63.0,2026
271,Gary Trent Jr.,Milwaukee Bucks,55.0,9.8,0.6,0.509,7.8,0.528,0.2,-5.2,-0.9,0.4286,63.0,2026
272,Daeqwon Plowden,Sacramento Kings,16.0,11.5,0.7,0.481,9.2,0.52,0.2,-5.8,-0.3,0.2308,65.0,2026
273,Nique Clifford,Sacramento Kings,61.0,12.7,1.2,0.469,8.5,0.492,-0.6,-5.1,-1.1,0.2308,65.0,2026
274,Sharife Cooper,Washington Wizards,22.0,11.9,0.4,0.562,12.7,0.594,0.2,-4.8,-0.2,0.254,63.0,2026
275,Luka Garza,Boston Celtics,54.0,12.1,0.8,0.647,19.8,0.677,3.9,2.3,0.9,0.6719,64.0,2026
276,Caris LeVert,Detroit Pistons,45.0,11.6,1.5,0.496,10.7,0.521,1.2,-0.6,0.3,0.7143,63.0,2026
277,Gui Santos,Golden State Warriors,52.0,12.6,1.2,0.605,14.2,0.619,2.0,0.3,0.5,0.5079,63.0,2026
278,Julian Strawther,Denver Nuggets,41.0,10.4,0.6,0.537,11.8,0.576,0.8,-3.0,-0.2,0.6094,64.0,2026
279,Kyle Anderson,Minnesota Timberwolves,26.0,12.9,1.6,0.576,14.1,0.604,1.1,-0.5,0.2,0.625,64.0,2026
280,Walter Clayton,Memphis Grizzlies,55.0,12.9,1.0,0.463,10.5,0.521,0.5,-3.9,-0.5,0.371,62.0,2026
281,Bones Hyland,Minnesota Timberwolves,55.0,11.3,0.7,0.569,14.5,0.587,2.1,0.7,0.6,0.625,64.0,2026
282,Jaylin Williams,Oklahoma City Thunder,50.0,15.1,1.2,0.531,13.1,0.572,2.9,1.9,1.0,0.7692,65.0,2026
283,Seth Curry,Golden State Warriors,2.0,10.5,1.0,0.778,18.8,0.778,0.1,5.3,0.1,0.5079,63.0,2026
284,Jaxson Hayes,Los Angeles Lakers,54.0,11.9,1.0,0.757,17.7,0.758,3.8,0.5,0.6,0.6094,64.0,2026
285,Lawson Lovering,Memphis Grizzlies,2.0,16.0,2.0,0.6,13.7,0.574,0.1,-3.7,0.0,0.371,62.0,2026
286,Will Richard,Golden State Warriors,54.0,10.9,1.3,0.584,12.5,0.61,2.4,-0.6,0.4,0.5079,63.0,2026
287,Kobe Sanders,Los Angeles Clippers,53.0,11.0,0.7,0.55,8.7,0.577,0.7,-3.9,-0.5,0.4921,63.0,2026
288,Patrick Williams,Chicago Bulls,56.0,11.3,0.9,0.494,8.9,0.512,0.2,-4.0,-0.6,0.4062,64.0,2026
289,Tyrese Martin,Philadelphia 76ers,41.0,11.5,0.6,0.491,10.6,0.505,0.2,-3.3,-0.2,0.5397,63.0,2026
290,Paul Reed,Detroit Pistons,46.0,12.5,1.7,0.622,23.2,0.634,2.8,4.6,1.0,0.7143,63.0,2026
291,Ben Sheppard,Indiana Pacers,53.0,11.8,0.7,0.519,9.2,0.539,1.0,-3.4,-0.4,0.2344,64.0,2026
292,Obi Toppin,Indiana Pacers,8.0,12.9,0.8,0.406,11.3,0.468,0.0,-3.4,-0.1,0.2344,64.0,2026
293,Robert Williams,Portland Trail Blazers,45.0,14.7,2.2,0.761,23.3,0.758,3.4,5.3,1.4,0.4769,65.0,2026
294,Javonte Green,Detroit Pistons,63.0,10.3,1.5,0.537,12.9,0.583,3.2,0.9,0.8,0.7143,63.0,2026
295,Luke Kornet,San Antonio Spurs,54.0,15.0,1.5,0.653,18.4,0.695,5.6,3.7,1.7,0.7344,64.0,2026
296,Jamal Shead,Toronto Raptors,63.0,14.0,1.1,0.453,10.7,0.492,2.0,-2.2,-0.1,0.5714,63.0,2026
297,Cole Anthony,Milwaukee Bucks,35.0,12.7,0.9,0.472,10.8,0.483,-0.4,-4.8,-0.4,0.4286,63.0,2026
298,Kenrich Williams,Oklahoma City Thunder,44.0,11.4,0.6,0.587,14.5,0.599,2.1,1.0,0.5,0.7692,65.0,2026
299,Andre Drummond,Philadelphia 76ers,48.0,16.1,1.4,0.529,16.5,0.549,2.6,-1.1,0.2,0.5397,63.0,2026
300,Kevin Love,Utah Jazz,34.0,14.3,0.7,0.522,14.3,0.556,1.0,-0.3,0.2,0.2969,64.0,2026
301,Taylor Hendricks,Memphis Grizzlies,45.0,10.8,1.0,0.563,11.6,0.577,0.8,-3.0,-0.2,0.371,62.0,2026
302,Jamaree Bouyea,Phoenix Suns,33.0,10.2,1.2,0.534,14.8,0.553,1.2,1.1,0.4,0.5781,64.0,2026
303,Ryan Nembhard,Dallas Mavericks,43.0,13.0,0.3,0.493,10.6,0.505,0.4,-4.1,-0.4,0.3281,64.0,2026
304,Ja'Kobe Walter,Toronto Raptors,53.0,9.9,1.2,0.53,10.4,0.565,2.0,-1.6,0.1,0.5714,63.0,2026
305,Alex Caruso,Oklahoma City Thunder,43.0,11.1,1.7,0.519,13.2,0.544,2.0,2.1,0.8,0.7692,65.0,2026
306,Pat Spencer,Golden State Warriors,47.0,12.0,0.8,0.496,12.4,0.521,1.2,-1.5,0.1,0.5079,63.0,2026
307,Isaiah Jackson,Los Angeles Clippers,44.0,12.4,1.5,0.597,16.0,0.621,1.7,-2.2,0.0,0.4921,63.0,2026
308,Gradey Dick,Toronto Raptors,61.0,9.1,0.7,0.494,10.6,0.541,1.4,-3.4,-0.3,0.5714,63.0,2026
309,Tre Mann,Charlotte Hornets,43.0,10.2,0.6,0.443,8.4,0.462,-0.1,-5.2,-0.5,0.4923,65.0,2026
310,Tidjane Salaün,Charlotte Hornets,36.0,11.1,0.6,0.62,13.1,0.632,1.4,-0.7,0.2,0.4923,65.0,2026
311,Trendon Watford,Philadelphia 76ers,40.0,12.0,0.7,0.541,13.0,0.572,1.2,-1.6,0.1,0.5397,63.0,2026
312,Devin Carter,Sacramento Kings,26.0,10.7,1.0,0.401,12.3,0.462,-0.1,-3.7,-0.2,0.2308,65.0,2026
313,Taurean Prince,Milwaukee Bucks,8.0,8.7,1.1,0.605,7.8,0.623,0.2,-3.8,-0.1,0.4286,63.0,2026
314,Cody Williams,Utah Jazz,50.0,9.8,1.1,0.506,8.6,0.523,0.2,-5.1,-0.8,0.2969,64.0,2026
315,Oso Ighodaro,Phoenix Suns,64.0,12.8,1.6,0.64,13.3,0.63,3.2,-0.3,0.6,0.5781,64.0,2026
316,Kris Murray,Portland Trail Blazers,41.0,10.9,1.4,0.507,9.4,0.533,1.3,-2.0,0.0,0.4769,65.0,2026
317,Gary Payton II,Golden State Warriors,56.0,10.9,1.0,0.591,15.8,0.59,1.8,0.6,0.5,0.5079,63.0,2026
318,Drake Powell,Brooklyn Nets,47.0,9.2,0.6,0.496,7.9,0.549,0.2,-5.6,-0.8,0.254,63.0,2026
319,Nae'Qwan Tomlin,Cleveland Cavaliers,50.0,9.7,1.3,0.502,13.0,0.532,1.8,-1.8,0.0,0.6094,64.0,2026
320,Goga Bitadze,Orlando Magic,47.0,12.1,1.7,0.703,20.9,0.715,3.5,3.6,1.0,0.5556,63.0,2026
321,Dru Smith,Miami Heat,62.0,11.1,1.8,0.472,14.8,0.532,3.0,2.6,1.2,0.5538,65.0,2026
322,Jamir Watkins,Washington Wizards,32.0,10.3,1.3,0.525,10.4,0.545,0.6,-4.5,-0.4,0.254,63.0,2026
323,Jevon Carter,Orlando Magic,34.0,8.8,0.8,0.517,10.5,0.531,0.4,-1.6,0.0,0.5556,63.0,2026
324,Mac McClung,Chicago Bulls,4.0,7.6,1.8,0.4,8.5,0.43,-0.1,-5.4,0.0,0.4062,64.0,2026
325,Steven Adams,Houston Rockets,32.0,15.9,1.3,0.504,15.9,0.535,2.1,-0.6,0.3,0.619,63.0,2026
326,Sidy Cissoko,Portland Trail Blazers,59.0,9.7,1.2,0.493,7.3,0.522,1.0,-4.1,-0.6,0.4769,65.0,2026
327,Ryan Dunn,Phoenix Suns,57.0,11.4,1.2,0.508,10.8,0.511,1.8,-1.7,0.1,0.5781,64.0,2026
328,Kasparas Jakučionis,Miami Heat,38.0,10.8,0.8,0.557,11.0,0.599,1.4,-0.8,0.2,0.5538,65.0,2026
329,Nick Smith Jr.,Los Angeles Lakers,25.0,7.7,0.5,0.523,9.2,0.53,0.0,-5.2,-0.3,0.6094,64.0,2026
330,Dean Wade,Cleveland Cavaliers,49.0,11.6,1.2,0.561,10.9,0.578,2.7,0.4,0.7,0.6094,64.0,2026
331,Spencer Jones,Denver Nuggets,52.0,9.7,1.2,0.618,9.2,0.625,2.1,-2.7,-0.2,0.6094,64.0,2026
332,Keon Ellis,Cleveland Cavaliers,55.0,8.1,1.9,0.536,10.0,0.547,1.1,-0.7,0.4,0.6094,64.0,2026
333,Aaron Holiday,Houston Rockets,41.0,7.4,0.5,0.53,10.1,0.566,1.0,-2.8,-0.1,0.619,63.0,2026
334,Thomas Bryant,Cleveland Cavaliers,46.0,9.1,0.7,0.568,17.0,0.612,1.6,0.0,0.2,0.6094,64.0,2026
335,Eric Gordon,Philadelphia 76ers,6.0,6.3,0.9,0.762,14.5,0.754,0.2,2.3,0.1,0.5397,63.0,2026
336,Yves Missi,New Orleans Pelicans,53.0,12.1,1.7,0.543,15.1,0.555,2.0,-2.1,0.0,0.3182,66.0,2026
337,Blake Wesley,Portland Trail Blazers,21.0,9.4,0.9,0.5,11.2,0.515,0.2,-3.1,-0.1,0.4769,65.0,2026
338,Josh Minott,Brooklyn Nets,38.0,9.6,1.0,0.62,15.0,0.636,1.9,1.6,0.5,0.254,63.0,2026
339,Dylan Cardwell,Sacramento Kings,29.0,14.3,2.4,0.598,15.6,0.602,1.6,-1.8,0.0,0.2308,65.0,2026
340,Sion James,Charlotte Hornets,65.0,10.7,0.9,0.486,8.0,0.541,2.2,-2.4,-0.2,0.4923,65.0,2026
341,Karlo Matković,New Orleans Pelicans,52.0,9.8,1.3,0.704,17.1,0.714,2.2,0.9,0.5,0.3182,66.0,2026
342,Ousmane Dieng,Milwaukee Bucks,40.0,9.1,0.6,0.518,10.8,0.533,0.8,-1.4,0.1,0.4286,63.0,2026
343,Drew Eubanks,Sacramento Kings,40.0,8.6,1.0,0.603,13.8,0.609,0.6,-3.8,-0.2,0.2308,65.0,2026
344,Jalen Pickett,Denver Nuggets,42.0,10.3,0.4,0.525,10.6,0.539,0.9,-2.1,0.0,0.6094,64.0,2026
345,Jordan Walsh,Boston Celtics,56.0,10.3,1.1,0.608,13.4,0.63,3.1,-0.1,0.5,0.6719,64.0,2026
346,KJ Simpson,Denver Nuggets,17.0,9.7,0.9,0.406,8.7,0.428,-0.1,-4.6,-0.2,0.6094,64.0,2026
347,Jett Howard,Orlando Magic,42.0,7.6,0.4,0.503,11.3,0.545,0.9,-2.1,0.0,0.5556,63.0,2026
348,Garrison Mathews,Indiana Pacers,15.0,7.0,0.6,0.567,11.4,0.628,0.4,-1.3,0.0,0.2344,64.0,2026
349,Nick Richards,Chicago Bulls,40.0,10.1,1.0,0.517,12.2,0.562,0.4,-6.3,-0.6,0.4062,64.0,2026
350,Johnny Furphy,Indiana Pacers,35.0,10.7,0.8,0.547,9.3,0.547,0.5,-3.8,-0.3,0.2344,64.0,2026
351,Josh Okogie,Houston Rockets,60.0,8.6,1.1,0.545,9.8,0.557,2.2,-1.6,0.1,0.619,63.0,2026
352,Mitchell Robinson,New York Knicks,47.0,14.5,1.9,0.707,19.9,0.655,4.3,2.8,1.1,0.6308,65.0,2026
353,Josh Green,Charlotte Hornets,41.0,8.0,0.7,0.643,11.1,0.67,1.6,0.0,0.3,0.4923,65.0,2026
354,Asa Newell,Atlanta Hawks,40.0,7.5,0.7,0.628,13.6,0.628,0.9,-2.0,0.0,0.5156,64.0,2026
355,Ben Saraf,Brooklyn Nets,27.0,9.1,0.8,0.402,5.7,0.452,-0.8,-8.0,-0.7,0.254,63.0,2026
356,Jalen Wilson,Brooklyn Nets,41.0,7.1,0.4,0.486,7.8,0.528,0.1,-5.7,-0.5,0.254,63.0,2026
357,Branden Carlson,Oklahoma City Thunder,35.0,8.1,0.7,0.601,15.9,0.601,1.2,0.1,0.2,0.7692,65.0,2026
358,Ethan Thompson,Indiana Pacers,23.0,8.1,0.9,0.463,7.4,0.483,0.1,-4.2,-0.2,0.2344,64.0,2026
359,LJ Cryer,Golden State Warriors,5.0,6.2,0.0,0.667,10.4,0.667,0.1,-2.3,0.0,0.5079,63.0,2026
360,Jahmai Mashack,Memphis Grizzlies,19.0,7.5,1.6,0.468,7.2,0.471,-0.1,-5.9,-0.3,0.371,62.0,2026
361,Tyrese Proctor,Cleveland Cavaliers,42.0,7.1,0.4,0.497,10.3,0.53,0.4,-3.7,-0.2,0.6094,64.0,2026
362,Marcus Sasser,Detroit Pistons,22.0,7.7,0.9,0.541,14.3,0.572,0.6,1.0,0.2,0.7143,63.0,2026
363,Baylor Scheierman,Boston Celtics,59.0,9.2,0.7,0.605,11.4,0.619,2.6,0.2,0.6,0.6719,64.0,2026
364,Guerschon Yabusele,Chicago Bulls,54.0,8.7,0.5,0.509,10.7,0.529,1.0,-2.3,0.0,0.4062,64.0,2026
365,Justin Edwards,Philadelphia 76ers,46.0,7.2,0.9,0.516,9.7,0.542,0.8,-2.7,-0.1,0.5397,63.0,2026
366,Pete Nance,Milwaukee Bucks,31.0,7.3,0.5,0.711,14.4,0.711,0.8,-0.4,0.1,0.4286,63.0,2026
367,Tolu Smith,Detroit Pistons,7.0,10.3,1.0,0.476,16.3,0.571,0.3,0.2,0.0,0.7143,63.0,2026
368,Lonzo Ball,Cleveland Cavaliers,35.0,12.5,1.6,0.415,9.5,0.432,0.7,-1.1,0.2,0.6094,64.0,2026
369,Adem Bona,Philadelphia 76ers,54.0,9.2,1.6,0.617,12.6,0.646,2.1,-2.9,-0.2,0.5397,63.0,2026
370,Malaki Branham,Washington Wizards,28.0,7.0,0.5,0.549,14.2,0.604,0.4,-2.3,0.0,0.254,63.0,2026
371,Mouhamed Gueye,Atlanta Hawks,61.0,9.2,1.3,0.512,11.7,0.53,1.9,-2.1,0.0,0.5156,64.0,2026
372,Tyler Kolek,New York Knicks,53.0,9.2,0.5,0.507,11.6,0.515,1.0,-1.3,0.1,0.6308,65.0,2026
373,Noah Penda,Orlando Magic,44.0,9.5,0.9,0.497,12.9,0.526,1.1,-0.9,0.2,0.5556,63.0,2026
374,Jase Richardson,Orlando Magic,44.0,7.0,0.3,0.537,10.7,0.563,0.7,-3.4,-0.2,0.5556,63.0,2026
375,Jeremiah Robinson-Earl,Dallas Mavericks,22.0,10.0,0.4,0.42,9.5,0.468,0.2,-5.2,-0.3,0.3281,64.0,2026
376,Matisse Thybulle,Portland Trail Blazers,13.0,7.0,2.3,0.61,19.0,0.661,0.6,8.4,0.4,0.4769,65.0,2026
377,Jarred Vanderbilt,Los Angeles Lakers,53.0,10.4,1.2,0.527,11.1,0.546,1.5,-1.8,0.1,0.6094,64.0,2026
378,PJ Hall,Charlotte Hornets,19.0,8.9,0.7,0.534,15.9,0.599,0.5,-2.4,0.0,0.4923,65.0,2026
379,Ochai Agbaji,Brooklyn Nets,52.0,7.5,0.7,0.484,8.2,0.512,0.8,-4.3,-0.5,0.254,63.0,2026
380,Gabe Vincent,Atlanta Hawks,36.0,6.8,0.6,0.475,5.8,0.493,0.3,-4.9,-0.5,0.5156,64.0,2026
381,Craig Porter Jr.,Cleveland Cavaliers,56.0,11.1,1.6,0.504,13.8,0.512,2.4,2.2,1.1,0.6094,64.0,2026
382,Kobe Brown,Indiana Pacers,45.0,7.8,0.5,0.513,11.4,0.552,0.7,-3.5,-0.2,0.2344,64.0,2026
383,DaRon Holmes,Denver Nuggets,19.0,6.7,0.2,0.661,13.1,0.682,0.4,-0.7,0.1,0.6094,64.0,2026
384,RayJ Dennis,Atlanta Hawks,15.0,7.8,0.6,0.384,6.7,0.416,-0.3,-5.1,-0.1,0.5156,64.0,2026
385,Dalton Knecht,Los Angeles Lakers,47.0,6.0,0.4,0.537,9.5,0.55,0.3,-4.3,-0.3,0.6094,64.0,2026
386,Yanic Konan Niederhäuser,Los Angeles Clippers,41.0,7.5,0.8,0.645,16.5,0.691,1.3,-2.2,0.0,0.4921,63.0,2026
387,Skal Labissière,Washington Wizards,3.0,8.3,1.0,0.65,16.4,0.65,0.1,0.1,0.0,0.254,63.0,2026
388,Dereck Lively II,Dallas Mavericks,7.0,11.5,2.2,0.611,15.1,0.67,0.3,0.7,0.1,0.3281,64.0,2026
389,Grant Nelson,Brooklyn Nets,4.0,7.1,1.6,0.556,17.7,0.634,0.1,2.1,0.0,0.254,63.0,2026
390,Jabari Walker,Philadelphia 76ers,53.0,8.0,0.6,0.503,11.9,0.545,1.3,-3.1,-0.2,0.5397,63.0,2026
391,Rob Dillingham,Chicago Bulls,47.0,7.8,0.8,0.384,6.6,0.415,-0.8,-7.7,-0.8,0.4062,64.0,2026
392,Mike Conley,Minnesota Timberwolves,46.0,8.7,0.9,0.435,8.9,0.494,1.5,-1.8,0.0,0.625,64.0,2026
393,Hugo González,Boston Celtics,59.0,8.3,0.9,0.552,10.3,0.55,1.8,-1.8,0.0,0.6719,64.0,2026
394,DeAndre Jordan,New Orleans Pelicans,9.0,11.6,1.2,0.75,15.1,0.739,0.4,-0.8,0.0,0.3182,66.0,2026
395,Nicolas Batum,Los Angeles Clippers,60.0,7.6,1.0,0.587,8.0,0.595,1.3,-1.2,0.2,0.4921,63.0,2026
396,Liam McNeeley,Charlotte Hornets,28.0,7.0,0.3,0.511,9.4,0.566,0.6,-2.2,0.0,0.4923,65.0,2026
397,Micah Peavy,New Orleans Pelicans,50.0,6.9,0.7,0.424,8.1,0.439,0.1,-5.6,-0.6,0.3182,66.0,2026
398,Tony Bradley,Indiana Pacers,38.0,7.3,0.4,0.561,13.1,0.604,0.9,-4.1,-0.2,0.2344,64.0,2026
399,Brandon Clarke,Memphis Grizzlies,2.0,7.5,1.0,0.333,12.3,0.372,0.0,-4.8,0.0,0.371,62.0,2026
400,Anthony Gill,Washington Wizards,36.0,7.2,0.7,0.634,12.8,0.649,0.7,-3.3,-0.2,0.254,63.0,2026
401,Kam Jones,Indiana Pacers,25.0,7.8,0.4,0.49,8.1,0.493,0.1,-6.1,-0.4,0.2344,64.0,2026
402,Doug McDermott,Sacramento Kings,13.0,5.1,0.3,0.581,8.9,0.593,0.0,-3.9,-0.1,0.2308,65.0,2026
403,Terrence Shannon Jr.,Minnesota Timberwolves,27.0,5.6,0.3,0.466,6.0,0.526,0.1,-6.7,-0.4,0.625,64.0,2026
404,Jericho Sims,Milwaukee Bucks,49.0,10.1,0.5,0.841,11.8,0.822,2.0,-3.3,-0.3,0.4286,63.0,2026
405,Myron Gardner,Miami Heat,33.0,7.8,0.6,0.589,17.0,0.613,1.3,2.5,0.3,0.5538,65.0,2026
406,Jordan Hawkins,New Orleans Pelicans,41.0,6.1,0.4,0.4,4.8,0.42,-0.7,-8.0,-0.8,0.3182,66.0,2026
407,Caleb Martin,Dallas Mavericks,55.0,7.8,0.9,0.511,9.5,0.529,1.0,-2.2,0.0,0.3281,64.0,2026
408,Zeke Nnaji,Denver Nuggets,45.0,7.1,0.8,0.53,11.0,0.573,0.8,-3.3,-0.2,0.6094,64.0,2026
409,Trayce Jackson-Davis,Toronto Raptors,43.0,7.6,0.8,0.586,17.0,0.597,1.4,0.1,0.2,0.5714,63.0,2026
410,Moussa Cisse,Dallas Mavericks,34.0,8.8,1.5,0.59,14.8,0.567,1.0,-3.0,-0.1,0.3281,64.0,2026
411,Jaylen Clark,Minnesota Timberwolves,56.0,6.1,0.8,0.48,9.4,0.51,1.2,-3.0,-0.2,0.625,64.0,2026
412,Rayan Rupert,Memphis Grizzlies,54.0,6.5,0.8,0.454,6.8,0.47,0.3,-5.1,-0.6,0.371,62.0,2026
413,Clint Capela,Houston Rockets,57.0,8.7,1.3,0.503,17.7,0.527,2.2,0.3,0.4,0.619,63.0,2026
414,Elijah Harkless,Utah Jazz,15.0,6.8,1.0,0.38,7.7,0.456,0.1,-5.3,-0.2,0.2969,64.0,2026
415,Cameron Payne,Philadelphia 76ers,9.0,6.8,1.3,0.348,7.7,0.348,0.0,-4.6,-0.1,0.5397,63.0,2026
416,Taelon Peter,Indiana Pacers,27.0,6.0,0.6,0.489,8.5,0.493,0.0,-4.0,-0.2,0.2344,64.0,2026
417,Oscar Tshiebwe,Utah Jazz,9.0,8.4,0.2,0.696,15.5,0.67,0.3,-2.5,0.0,0.2969,64.0,2026
418,Keaton Wallace,Atlanta Hawks,45.0,6.5,0.6,0.524,10.6,0.533,0.7,-2.4,-0.1,0.5156,64.0,2026
419,Carter Bryant,San Antonio Spurs,53.0,6.2,0.5,0.475,8.8,0.491,0.6,-4.0,-0.3,0.7344,64.0,2026
420,A.J. Lawson,Toronto Raptors,14.0,5.3,0.5,0.488,12.1,0.545,0.2,-2.7,0.0,0.5714,63.0,2026
421,Drew Timme,Los Angeles Lakers,19.0,5.6,0.3,0.656,13.8,0.656,0.4,-1.1,0.0,0.6094,64.0,2026
422,Leonard Miller,Chicago Bulls,28.0,5.6,0.4,0.629,14.1,0.653,0.4,-1.9,0.0,0.4062,64.0,2026
423,Rasheer Fleming,Phoenix Suns,38.0,5.4,0.4,0.513,10.7,0.518,0.4,-3.9,-0.2,0.5781,64.0,2026
424,Jeremy Sochan,New York Knicks,37.0,6.5,0.6,0.509,9.8,0.526,0.7,-2.8,-0.1,0.6308,65.0,2026
425,Dalen Terry,Philadelphia 76ers,38.0,6.3,1.0,0.509,11.5,0.519,0.5,-1.4,0.1,0.5397,63.0,2026
426,Mohamed Diawara,New York Knicks,54.0,5.2,0.4,0.578,11.5,0.588,0.8,-0.3,0.2,0.6308,65.0,2026
427,Dorian Finney-Smith,Houston Rockets,28.0,6.7,0.5,0.431,4.9,0.446,0.3,-5.3,-0.4,0.619,63.0,2026
428,Larry Nance Jr.,Cleveland Cavaliers,27.0,6.9,0.7,0.453,8.1,0.458,0.4,-4.0,-0.2,0.6094,64.0,2026
429,Kelly Olynyk,San Antonio Spurs,36.0,6.2,0.5,0.557,12.4,0.584,0.8,-1.0,0.1,0.7344,64.0,2026
430,Isaiah Stevens,Sacramento Kings,3.0,7.6,1.7,0.429,16.5,0.571,0.1,1.9,0.0,0.2308,65.0,2026
431,James Wiseman,Indiana Pacers,4.0,6.1,0.3,0.6,4.1,0.597,0.0,-9.0,-0.1,0.2344,64.0,2026
432,Koby Brea,Phoenix Suns,5.0,4.2,0.0,0.778,25.4,0.81,0.2,10.8,0.1,0.5781,64.0,2026
433,Keshad Johnson,Miami Heat,23.0,5.2,0.4,0.476,11.1,0.518,0.2,-5.1,-0.1,0.5538,65.0,2026
434,Dwight Powell,Dallas Mavericks,48.0,7.9,0.9,0.66,12.0,0.693,1.9,-1.6,0.1,0.3281,64.0,2026
435,Nikola Topić,Oklahoma City Thunder,5.0,6.8,0.0,0.5,2.0,0.5,-0.1,-11.3,-0.1,0.7692,65.0,2026
436,Amir Coffey,Phoenix Suns,40.0,5.0,0.3,0.549,10.3,0.59,0.8,-3.3,-0.1,0.5781,64.0,2026
437,Tyus Jones,Denver Nuggets,58.0,6.7,0.7,0.432,8.2,0.442,1.0,-2.4,-0.1,0.6094,64.0,2026
438,John Konchar,Utah Jazz,42.0,7.8,1.9,0.517,11.5,0.529,1.3,0.8,0.5,0.2969,64.0,2026
439,Kobe Bufkin,Los Angeles Lakers,10.0,4.5,0.5,0.319,4.8,0.392,-0.2,-10.6,-0.2,0.6094,64.0,2026
440,Cam Christie,Los Angeles Clippers,43.0,5.2,0.4,0.431,9.0,0.491,0.2,-4.6,-0.3,0.4921,63.0,2026
441,Pat Connaughton,Charlotte Hornets,30.0,5.3,0.2,0.585,13.9,0.602,0.6,0.5,0.1,0.4923,65.0,2026
442,Ron Harper Jr.,Boston Celtics,18.0,5.5,0.6,0.45,9.2,0.452,0.3,-1.6,0.0,0.6719,64.0,2026
443,Miles Kelly,Dallas Mavericks,14.0,5.7,0.4,0.477,8.3,0.484,0.1,-5.0,-0.1,0.3281,64.0,2026
444,Mark Sears,Milwaukee Bucks,7.0,3.7,0.0,0.615,15.3,0.666,0.0,-2.2,0.0,0.4286,63.0,2026
445,Charles Bassey,Philadelphia 76ers,3.0,8.7,1.0,0.444,13.9,0.436,0.1,-2.8,0.0,0.5397,63.0,2026
446,Jamison Battle,Toronto Raptors,46.0,4.9,0.1,0.63,10.1,0.634,0.7,-2.9,-0.1,0.5714,63.0,2026
447,Joan Beringer,Minnesota Timberwolves,30.0,5.1,0.5,0.667,18.3,0.674,0.8,-1.1,0.0,0.625,64.0,2026
448,Chris Livingston,Cleveland Cavaliers,3.0,4.3,0.3,0.571,15.4,0.605,0.1,-2.7,0.0,0.6094,64.0,2026
449,Emanuel Miller,Chicago Bulls,5.0,4.4,0.4,0.538,15.2,0.54,0.1,2.6,0.0,0.4062,64.0,2026
450,Riley Minix,San Antonio Spurs,3.0,4.0,0.3,0.75,45.0,0.75,0.1,25.3,0.1,0.7344,64.0,2026
451,Monte Morris,Indiana Pacers,6.0,5.7,0.4,0.4,7.0,0.414,0.0,-6.0,-0.1,0.2344,64.0,2026
452,Antonio Reeves,Charlotte Hornets,9.0,4.1,0.1,0.675,12.4,0.675,0.2,0.9,0.0,0.4923,65.0,2026
453,AJ Johnson,Dallas Mavericks,36.0,5.0,0.2,0.354,4.4,0.397,-0.7,-9.5,-0.6,0.3281,64.0,2026
454,David Jones García,San Antonio Spurs,11.0,5.7,0.6,0.58,21.1,0.579,0.3,6.4,0.1,0.7344,64.0,2026
455,Yuki Kawamura,Chicago Bulls,7.0,9.2,0.9,0.389,14.6,0.484,0.2,-1.0,0.0,0.4062,64.0,2026
456,Kevon Looney,New Orleans Pelicans,18.0,9.6,0.8,0.452,13.5,0.468,0.5,-2.3,0.0,0.3182,66.0,2026
457,Chris Paul,Los Angeles Clippers,16.0,8.0,0.7,0.411,8.2,0.413,0.1,-4.2,-0.1,0.4921,63.0,2026
458,Duop Reath,Portland Trail Blazers,32.0,4.4,0.5,0.601,10.7,0.613,0.5,-1.0,0.1,0.4769,65.0,2026
459,Trey Alexander,New Orleans Pelicans,5.0,4.6,0.4,0.778,13.6,0.778,0.1,0.6,0.0,0.3182,66.0,2026
460,Chaz Lanier,Detroit Pistons,22.0,4.3,0.2,0.475,9.5,0.498,0.4,-2.7,0.0,0.7143,63.0,2026
461,Julian Phillips,Minnesota Timberwolves,40.0,4.1,0.7,0.505,10.0,0.542,0.5,-2.4,0.0,0.625,64.0,2026
462,Patrick Baldwin Jr.,Sacramento Kings,7.0,4.9,0.7,0.469,10.5,0.51,0.0,-5.7,-0.1,0.2308,65.0,2026
463,Christian Koloko,Atlanta Hawks,22.0,6.5,1.6,0.434,9.2,0.459,0.4,-3.8,-0.1,0.5156,64.0,2026
464,Jamal Cain,Orlando Magic,23.0,3.7,0.2,0.48,8.7,0.545,0.2,-5.8,-0.1,0.5556,63.0,2026
465,Jae'Sean Tate,Houston Rockets,34.0,4.6,0.4,0.564,11.0,0.567,0.6,-3.1,-0.1,0.619,63.0,2026
466,Jeff Green,Houston Rockets,22.0,3.5,0.0,0.6,14.6,0.615,0.4,-0.1,0.1,0.619,63.0,2026
467,Jonathan Isaac,Orlando Magic,51.0,5.6,1.0,0.458,11.7,0.502,1.0,-1.4,0.1,0.5556,63.0,2026
468,Mo Bamba,Utah Jazz,4.0,8.3,0.8,0.455,13.1,0.455,0.1,-8.5,-0.1,0.2969,64.0,2026
469,Gary Harris,Milwaukee Bucks,42.0,4.8,0.7,0.578,7.7,0.598,0.7,-2.5,-0.1,0.4286,63.0,2026
470,Killian Hayes,Sacramento Kings,7.0,7.3,0.3,0.221,3.5,0.244,-0.2,-11.3,-0.2,0.2308,65.0,2026
471,Malevy Leons,Golden State Warriors,10.0,5.0,0.8,0.556,16.7,0.581,0.2,1.1,0.1,0.5079,63.0,2026
472,Alijah Martin,Toronto Raptors,14.0,4.0,0.6,0.364,10.8,0.444,0.1,-2.5,0.0,0.5714,63.0,2026
473,TyTy Washington Jr.,Los Angeles Clippers,8.0,4.1,0.8,0.679,18.1,0.679,0.2,5.8,0.1,0.4921,63.0,2026
474,Chris Boucher,Boston Celtics,9.0,4.6,1.4,0.36,7.8,0.392,0.1,-3.1,0.0,0.6719,64.0,2026
475,Luke Travers,Cleveland Cavaliers,12.0,5.1,0.9,0.264,10.3,0.35,0.1,-3.2,0.0,0.6094,64.0,2026
476,JD Davison,Houston Rockets,25.0,4.2,0.4,0.463,9.7,0.474,0.3,-2.2,0.0,0.619,63.0,2026
477,Yang Hansen,Portland Trail Blazers,38.0,4.3,0.3,0.328,3.3,0.402,-0.5,-9.7,-0.5,0.4769,65.0,2026
478,Maxi Kleber,Los Angeles Lakers,35.0,4.7,0.7,0.517,8.5,0.545,0.6,-3.4,-0.1,0.6094,64.0,2026
479,E.J. Liddell,Brooklyn Nets,10.0,3.3,0.1,0.588,13.8,0.6,0.1,-2.1,0.0,0.254,63.0,2026
480,Hunter Tyson,Denver Nuggets,21.0,4.7,0.1,0.337,6.5,0.398,-0.1,-6.9,-0.2,0.6094,64.0,2026
481,Bronny James,Los Angeles Lakers,31.0,3.8,0.5,0.492,9.6,0.506,0.2,-3.5,-0.1,0.6094,64.0,2026
482,Lindy Waters III,San Antonio Spurs,34.0,3.1,0.1,0.53,7.6,0.534,0.3,-2.5,0.0,0.7344,64.0,2026
483,Dalano Banton,Boston Celtics,5.0,3.0,0.4,0.444,12.7,0.506,0.0,-5.2,0.0,0.6719,64.0,2026
484,Hunter Dickinson,New Orleans Pelicans,1.0,2.0,1.0,0.5,-11.0,0.5,-0.1,-26.0,0.0,0.3182,66.0,2026
485,Tristan Enaruna,Cleveland Cavaliers,4.0,4.3,0.0,0.444,12.7,0.424,0.0,-5.9,0.0,0.6094,64.0,2026
486,Trentyn Flowers,Chicago Bulls,2.0,3.0,0.0,0.667,16.8,0.667,0.0,-0.9,0.0,0.4062,64.0,2026
487,Keshon Gilbert,Washington Wizards,3.0,4.7,2.0,0.25,4.5,0.521,-0.1,-6.7,-0.1,0.254,63.0,2026
488,Colby Jones,Detroit Pistons,1.0,8.0,0.0,0.333,13.1,0.333,0.0,2.3,0.0,0.7143,63.0,2026
489,Johnny Juzang,Minnesota Timberwolves,21.0,3.1,0.1,0.5,12.2,0.518,0.1,-3.3,0.0,0.625,64.0,2026
490,Isaiah Livers,Phoenix Suns,32.0,4.6,0.7,0.459,8.2,0.49,0.4,-2.2,0.0,0.5781,64.0,2026
491,Khaman Maluach,Phoenix Suns,29.0,4.1,0.7,0.522,10.7,0.551,0.1,-5.8,-0.2,0.5781,64.0,2026
492,Jordan McLaughlin,San Antonio Spurs,32.0,3.5,0.4,0.492,10.2,0.506,0.2,-1.6,0.0,0.7344,64.0,2026
493,Wendell Moore Jr.,Detroit Pistons,5.0,3.8,0.8,0.571,10.0,0.635,0.1,-0.7,0.0,0.7143,63.0,2026
494,Chris Youngblood,Oklahoma City Thunder,32.0,3.2,0.2,0.467,10.1,0.505,0.4,-2.9,0.0,0.7692,65.0,2026
495,Caleb Houstan,Atlanta Hawks,12.0,2.6,0.2,0.667,10.2,0.705,0.1,-4.5,0.0,0.5156,64.0,2026
496,Ariel Hukporti,New York Knicks,46.0,5.2,0.7,0.568,11.2,0.617,0.9,-2.4,0.0,0.6308,65.0,2026
497,Kevin McCullar Jr.,New York Knicks,18.0,4.3,0.3,0.471,8.0,0.47,0.1,-4.0,-0.1,0.6308,65.0,2026
498,Mason Plumlee,Charlotte Hornets,14.0,5.9,0.4,0.75,13.5,0.752,0.4,1.0,0.1,0.4923,65.0,2026
499,Harrison Ingram,San Antonio Spurs,5.0,2.6,0.0,0.9,23.0,0.9,0.1,7.2,0.0,0.7344,64.0,2026
500,Bobi Klintman,Detroit Pistons,11.0,3.9,0.3,0.385,3.5,0.366,-0.1,-9.5,-0.1,0.7143,63.0,2026
501,Kyle Lowry,Philadelphia 76ers,8.0,3.7,0.4,0.375,7.1,0.478,0.1,-5.6,-0.1,0.5397,63.0,2026
502,Cody Martin,Indiana Pacers,4.0,5.8,1.5,0.2,3.0,0.277,-0.1,-7.9,-0.1,0.2344,64.0,2026
503,Orlando Robinson,Orlando Magic,4.0,3.6,0.3,0.7,14.7,0.7,0.1,1.3,0.0,0.5556,63.0,2026
504,Jahmir Young,Miami Heat,10.0,2.7,0.1,0.4,6.0,0.416,0.0,-8.6,-0.1,0.5538,65.0,2026
505,Xavier Tillman Sr.,Charlotte Hornets,21.0,3.2,0.4,0.471,10.2,0.471,0.2,-3.0,0.0,0.4923,65.0,2026
506,Adou Thiero,Los Angeles Lakers,18.0,3.0,0.4,0.476,10.5,0.551,0.2,-4.2,-0.1,0.6094,64.0,2026
507,Jacob Toppin,Atlanta Hawks,5.0,2.0,0.2,0.667,15.1,0.667,0.0,0.1,0.0,0.5156,64.0,2026
508,Buddy Boeheim,Oklahoma City Thunder,4.0,1.5,0.0,0.5,4.7,0.5,0.0,-8.3,0.0,0.7692,65.0,2026
509,Tyson Etienne,Brooklyn Nets,8.0,1.6,0.0,0.4,-1.2,0.4,-0.1,-14.6,-0.1,0.254,63.0,2026
510,Haywood Highsmith,Phoenix Suns,2.0,4.5,0.5,0.25,7.6,0.307,0.0,-4.7,0.0,0.5781,64.0,2026
511,Curtis Jones,Denver Nuggets,6.0,2.8,0.0,0.321,1.4,0.321,-0.1,-15.5,-0.1,0.6094,64.0,2026
512,Brooks Barnhizer,Oklahoma City Thunder,33.0,3.6,0.3,0.43,7.0,0.446,0.4,-2.8,-0.1,0.7692,65.0,2026
513,Dillon Jones,New York Knicks,5.0,3.4,0.4,0.3,16.9,0.518,0.1,3.6,0.0,0.6308,65.0,2026
514,Isaac Jones,Detroit Pistons,4.0,2.1,0.0,0.5,7.3,0.512,0.0,-8.5,0.0,0.7143,63.0,2026
515,Thanasis Antetokounmpo,Milwaukee Bucks,25.0,2.2,0.6,0.526,18.7,0.576,0.3,1.4,0.1,0.4286,63.0,2026
516,Vladislav Goldin,Miami Heat,3.0,3.0,0.3,1.0,17.0,1.0,0.0,4.7,0.0,0.5538,65.0,2026
517,Nigel Hayes-Davis,Phoenix Suns,27.0,2.8,0.4,0.348,4.2,0.356,-0.1,-7.3,-0.3,0.5781,64.0,2026
518,Andre Jackson Jr.,Milwaukee Bucks,33.0,3.2,0.3,0.288,4.7,0.339,-0.3,-8.3,-0.3,0.4286,63.0,2026
519,Lachlan Olbrich,Chicago Bulls,22.0,4.1,0.2,0.429,8.8,0.432,0.2,-4.3,-0.1,0.4062,64.0,2026
520,Amari Williams,Boston Celtics,17.0,3.5,0.6,0.438,9.0,0.517,0.2,-2.5,0.0,0.6719,64.0,2026
521,Javonte Cooke,Portland Trail Blazers,19.0,2.6,0.3,0.256,0.0,0.275,-0.4,-11.7,-0.2,0.4769,65.0,2026
522,Jonathan Mogbo,Toronto Raptors,25.0,3.2,0.4,0.5,9.3,0.497,0.2,-4.1,-0.1,0.5714,63.0,2026
523,Isaiah Crawford,Houston Rockets,9.0,2.1,0.5,0.625,9.8,0.625,0.1,0.0,0.0,0.619,63.0,2026
524,Pacôme Dadiet,New York Knicks,21.0,2.3,0.1,0.5,14.3,0.581,0.3,2.9,0.1,0.6308,65.0,2026
525,Norchad Omier,Los Angeles Clippers,2.0,3.0,0.0,0.5,17.1,0.5,0.0,-2.6,0.0,0.4921,63.0,2026
526,Hunter Sallis,Philadelphia 76ers,7.0,1.7,0.1,0.6,2.1,0.595,-0.1,-10.7,-0.1,0.5397,63.0,2026
527,Dario Šarić,Sacramento Kings,5.0,2.6,0.0,0.25,0.7,0.363,-0.1,-9.1,-0.1,0.2308,65.0,2026
528,Stanley Umude,San Antonio Spurs,2.0,1.5,0.5,0.5,11.6,0.5,0.0,0.3,0.0,0.7344,64.0,2026
529,Rocco Zikarsky,Minnesota Timberwolves,2.0,1.5,0.5,1.0,12.9,1.0,0.0,-0.4,0.0,0.625,64.0,2026
530,Johni Broome,Philadelphia 76ers,11.0,2.8,0.5,0.167,0.4,0.188,-0.2,-16.3,-0.2,0.5397,63.0,2026
531,Bismack Biyombo,San Antonio Spurs,19.0,1.9,0.3,0.667,4.7,0.714,0.2,-4.7,-0.1,0.7344,64.0,2026
532,N'Faly Dante,Atlanta Hawks,4.0,2.6,0.5,0.25,12.4,0.338,0.0,-4.8,0.0,0.5156,64.0,2026
533,Trey Jemison,New York Knicks,11.0,2.6,0.3,0.571,6.4,0.605,0.0,-7.4,-0.1,0.6308,65.0,2026
534,Drew Peterson,Charlotte Hornets,6.0,2.6,0.7,0.125,0.6,0.148,-0.1,-9.9,-0.1,0.4923,65.0,2026
535,John Tonje,Boston Celtics,3.0,1.7,0.0,0.0,4.3,0.347,0.0,-13.3,0.0,0.6719,64.0,2026
536,Joe Ingles,Minnesota Timberwolves,20.0,1.7,0.4,0.5,8.1,0.563,0.1,-0.6,0.0,0.625,64.0,2026
537,Garrett Temple,Toronto Raptors,15.0,1.1,0.3,0.188,4.1,0.329,0.0,-6.3,0.0,0.5714,63.0,2026
538,Chris Mañon,Los Angeles Lakers,6.0,1.5,0.8,0.0,9.2,0.347,0.0,-0.6,0.0,0.6094,64.0,2026
539,Jahmyl Telfort,Los Angeles Clippers,8.0,0.6,0.1,0.0,-5.4,0.087,-0.1,-13.8,-0.1,0.4921,63.0,2026
540,Darius Brown II,Cleveland Cavaliers,1.0,1.0,0.0,0.0,-7.7,0.0,0.0,-18.6,0.0,0.6094,64.0,2026
541,Noa Essengue,Chicago Bulls,2.0,0.0,0.5,0.0,-12.1,0.0,-0.1,-23.7,0.0,0.4062,64.0,2026
542,Tosan Evbuomwan,New York Knicks,5.0,0.4,0.0,0.0,-0.3,0.0,0.0,-11.5,0.0,0.6308,65.0,2026
543,Enrique Freeman,Minnesota Timberwolves,2.0,1.5,0.5,,9.1,,0.0,2.4,0.0,0.625,64.0,2026
544,Chucky Hepburn,Toronto Raptors,2.0,1.5,0.5,0.0,-13.5,0.0,-0.1,-24.0,-0.1,0.5714,63.0,2026
545,Trevor Keels,Miami Heat,3.0,0.7,0.0,0.0,-19.8,0.0,-0.1,-38.5,0.0,0.5538,65.0,2026
546,John Poulakidas,Dallas Mavericks,1.0,7.0,0.0,0.0,-0.4,0.0,0.0,-10.9,0.0,0.3281,64.0,2026
547,David Roddy,Denver Nuggets,1.0,1.0,1.0,0.0,-1.6,0.0,0.0,-9.9,0.0,0.6094,64.0,2026
548,Max Shulga,Boston Celtics,2.0,0.0,0.0,0.0,-13.2,0.0,0.0,-26.7,0.0,0.6719,64.0,2026
549,League Average,,,0.0,0.0,0.543,,0.579,,,,,,2026
